Movie Name,Rating,Quality,Poster
The Marvelous Mrs. Maisel : Season 5 Dual Audio [Hindi ORG & ENG] WEB-DL 720p HEVC | [Epi 1-3 Added],8.7,Dual Audio ORG,https://mlwbd.one/wp-content/uploads/1nqgVS4vc30gzhcwzeyVeVyDSog-185x278.jpg
Star Trek: Picard : Season 3 Dual Audio [Hindi ORG & ENG] WEB-DL 480p & 720p | [Epi 1-9 Added],7.8,Dual Audio ORG,https://mlwbd.one/wp-content/uploads/nCON7eu5OZZZm0sSweORzn6M8Vh-185x278.jpg
Dom : Season 1-2 Dual Audio [Hindi ORG & ENG] WEB-DL 480p & 720p | [Complete],7.8,Dual Audio ORG,https://mlwbd.one/wp-content/uploads/6G3erG1Iqp870g4tOy1iyExbEyv-185x278.jpg
"Jubilee : [Part 1-2] Season 1 Hindi WEB-DL 480p, 720p & 1080p | [All Complete]",8.6,WEB-DL [HD],https://mlwbd.one/wp-content/uploads/vOvLNzmk5AJLz0mVJrqQGpJio3l-185x278.jpg
The Power : Season 1 Dual Audio [Hindi ORG & ENG] WEB-DL 720p HEVC | [Epi 1-5 Added],,Dual Audio ORG,https://mlwbd.one/wp-content/uploads/pTeb4EsTy3hoVFpg9FnLIF3glZ5-185x278.jpg
Florida Man : Season 1 Dual Audio [Hindi ORG & ENG] NF WEB-DL 720p HEVC | [Complete],,Dual Audio ORG,https://mlwbd.one/wp-content/uploads/3stZ5SQhaeZcfBM8PF60MtCZh6m-185x278.jpg
"Obsession : Season 1 Dual Audio [Hindi ORG & ENG] NF WEB-DL 480p, 720p & 1080p | [Complete]",8.3,Dual Audio ORG,https://mlwbd.one/wp-content/uploads/ivgUq1qqCp7Mhn1SDWlXt1Yo2Cv-185x278.jpg
Titans : Season 4 WEB-DL 720p HEVC | [Epi 1-8 Added],7.5,WEB-DL [HD],https://mlwbd.one/wp-content/uploads/xKnUNWFsAOaKIviIYBLei02Bauu-185x278.jpg
Riverdale : Season 7 WEB-DL 720p HEVC | [Epi 1-3 Added],,WEB-DL [HD],https://mlwbd.one/wp-content/uploads/o6qT33idpxWV51FsIjAyGDyp5Ou-185x278.jpg
The Ark : Season 1 WEB-DL 720p HEVC | [Epi 1-11 Added],,WEB-DL [HD],https://mlwbd.one/wp-content/uploads/Screenshot-2451-185x278.jpg
Our Universe : Season 1 Dual Audio [Hindi ORG & ENG] NF WEB-DL 720p HEVC | [Complete],7.6,Dual Audio ORG,https://mlwbd.one/wp-content/uploads/6XmlJjJmX5cryq3OANZxdTsr9eY-185x278.jpg
"The Mandalorian : Season 3 Dual Audio [Hindi ORG & ENG] WEB-DL 480p, 720p & 1080p | [Epi 1-7 Added]",8.7,Dual Audio ORG,https://mlwbd.one/wp-content/uploads/kQxzJj4pAg7hRA4zukGGPJBiV09-185x278.jpg
Superman and Lois : Season 3 WEB-DL HEVC 720p | [Epi 1-5 Added],8.1,WEB-DL [HD],https://mlwbd.one/wp-content/uploads/wEBkj9Ax5uFPpm7EHxxrNdQ5pud-185x278.jpg
Gotham Knights : Season 1 WEB-DL HEVC 720p | [Epi 1-5 Added],,WEB-DL [HD],https://mlwbd.one/wp-content/uploads/mUVPcCSay9stuywEeg0AQ1TzV0E-185x278.jpg
Ted Lasso : Season 1-3 WEB-DL 720p HEVC | [S01-2 Complete & S03 Epi 1-5 Added],8.8,WEB-DL [HD],https://mlwbd.one/wp-content/uploads/jmJ8SiY8AgtuXKiit0bnGxOpYvL-185x278.jpg
Duty After School : [Part 1] Season 1 Korean WEB-DL 720p HEVC | [Complete],8,WEB-DL [HD],https://mlwbd.one/wp-content/uploads/aHQgFafnTUfN9Oo2q3cGTGF2RtF-185x278.jpg
"Demon Slayer S03 Kimetsu no Yaiba -To the Swordsmith Village Arc (2023) WEB-DL 480p, 720p & 1080p | GDRive | ESub",,WEB-DL [HD],https://mlwbd.one/wp-content/uploads/o8DB5825myndApdQQHbf4bv1mzL-185x278.jpg
"Mobile Suit Gundam: The Witch from Mercury : Season 1 Dual/Multi Audio [Hindi ORG, ENG & Japanese] BluRay 720p HEVC | [Epi 0 Added]",7.7,Dual Audio ORG,https://mlwbd.one/wp-content/uploads/mKWsGzhYKAH0X71Ft3RAoSauLLV-185x278.jpg
"Trapped in a Dating Sim : Season 1 Dual/Multi Audio [Hindi ORG, ENG & Japanese] BluRay 720p HEVC | [Complete]",7.2,Dual Audio ORG,https://mlwbd.one/wp-content/uploads/zQInUzmgvT4MgysqSiW95YBkz1w-185x278.jpg
"The Boarding School: Las Cumbres : Season 1-3 Dual/Multi Audio [Hindi ORG & ENG, Spanish] WEB-DL HEVC 720p | [Complete]",,Dual Audio ORG,https://mlwbd.one/wp-content/uploads/9xAnAjlTvsqWUZ1KSw7Jf4iydwP-185x278.jpg
Rabbit Hole : Season 1 WEB-DL 720p HEVC | [Epi 1-4 Added],8,WEB-DL [HD],https://mlwbd.one/wp-content/uploads/jO3CNXKSrmDnzM24NfV3Si52iYA-185x278.jpg
Transatlantic : Season 1 Dual Audio [Hindi ORG & ENG] WEB-DL HEVC 720p | [Complete],,Dual Audio ORG,https://mlwbd.one/wp-content/uploads/MV5-BNj-Jl-MDc1-Ym-It-Yj-Zj-Ni00-Yj-I4-LWJi-OWIt-ZWVj-Nz-Fk-NThk-Nj-E3-Xk-Ey-Xk-Fqc-Gde-QXVy-MTMz-Nz-Iy-NDc1-V1.jpg
Yellowjackets : Season 1-2 WEB-DL 720p HEVC | [S01 Complete & S02 Epi 1-3 Added],8,WEB-DL [HD],https://mlwbd.one/wp-content/uploads/o4Ql7oU2W3U8RyeDoSREDdKvTlq-185x278.jpg
The Flash : Season 9 WEB-DL HEVC 720p | [Epi 1-8 Added],7.8,WEB-DL [HD],https://mlwbd.one/wp-content/uploads/8H6rnhVBxSD2sncwJZWgEfj3b7X-185x278.jpg
Beef : Season 1 Dual Audio [Hindi ORG & ENG] WEB-DL 480p & 720p | [Complete],7.6,Dual Audio ORG,https://mlwbd.one/wp-content/uploads/tVP6yKrQ0zukkhtbiBysyxdBfcV-185x278.jpg
